Section,Thk_in_gross,Area_in2Thk_in_gross,Weight_lb_ftThk_in_gross,Ixx_in4Thk_in_gross,Sxx_in3Thk_in_gross,Rx_inThk_in_gross,Iyy_in4Thk_in_gross,Ry_inThk_in_gross,Ixx_in4_33ksi,Sxx_in3_33ksi,Ma_in_k_33ksi,Va_lb_33ksi,Ycg_in_33ksi,Ixx_in4_50ksi,Sxx_in3_50ksi,Ma_in_k_50ksi,Va_lb_50ksi,Ycg_in_50ksi,Jx1000_in4_tor,Cw_in6_tor,Xo_in_tor,Ro_in_tor,beta_tor
162S125-43,0.05,0.19,0.64,0.09,0.11,0.68,0.04,0.44,0.09,0.1,1.97,829,0.83,0,0,0,0,0,0.13,0.02,-1.03,1.31,0.38
162S125-54,0.06,0.23,0.79,0.1,0.13,0.67,0.04,0.43,0.1,0.13,2.85,1003,0.82,0.1,0.12,3.48,1519,0.84,0.25,0.02,-1.02,1.29,0.38
162S125-68,0.07,0.28,0.96,0.12,0.15,0.66,0.05,0.42,0.12,0.15,3.57,1194,0.81,0.12,0.15,4.41,1809,0.82,0.48,0.03,-1.01,1.28,0.37
250S200-33,0.03,0.26,0.88,0.28,0.22,1.04,0.15,0.77,0.28,0.2,3.87,1040,1.32,0,0,0,0,0,0.1,0.3,-1.96,2.35,0.3
250S200-43,0.05,0.33,1.14,0.36,0.29,1.04,0.2,0.77,0.36,0.28,5.49,1350,1.27,0,0,0,0,0,0.23,0.38,-1.95,2.34,0.31
250S200-54,0.06,0.42,1.41,0.44,0.35,1.03,0.24,0.76,0.44,0.35,7.65,1656,1.25,0.44,0.32,9.43,2510,1.31,0.44,0.46,-1.94,2.33,0.3
250S200-68,0.07,0.52,1.75,0.54,0.43,1.02,0.29,0.75,0.54,0.43,9.57,2017,1.25,0.54,0.42,13.84,3057,1.27,0.87,0.55,-1.94,2.32,0.3
250S250-43,0.05,0.38,1.29,0.43,0.34,1.06,0.34,0.94,0.43,0.3,5.87,1350,1.33,0,0,0,0,0,0.26,0.63,-2.44,2.82,0.25
250S250-54,0.06,0.47,1.6,0.52,0.42,1.06,0.41,0.94,0.52,0.38,7.49,1656,1.31,0.52,0.34,10.22,2510,1.36,0.5,0.77,-2.43,2.81,0.25
250S250-68,0.07,0.59,1.99,0.64,0.51,1.05,0.5,0.93,0.64,0.5,9.88,2017,1.27,0.64,0.43,12.8,3057,1.35,0.99,0.93,-2.43,2.8,0.25
350S137-33,0.03,0.23,0.79,0.44,0.25,1.38,0.06,0.5,0.44,0.24,4.79,1046,1.78,0,0,0,0,0,0.09,0.15,-1.04,1.8,0.67
350S137-43,0.05,0.3,1.02,0.57,0.32,1.38,0.08,0.5,0.57,0.32,7.04,1777,1.76,0,0,0,0,0,0.2,0.19,-1.03,1.79,0.67
350S137-54,0.06,0.37,1.27,0.7,0.4,1.37,0.09,0.49,0.7,0.4,9,2403,1.75,0.7,0.38,12.85,3446,1.78,0.4,0.23,-1.02,1.78,0.67
350S137-68,0.07,0.46,1.57,0.85,0.49,1.36,0.11,0.48,0.85,0.49,11.31,2959,1.75,0.85,0.48,16.74,4483,1.75,0.78,0.27,-1.01,1.76,0.67
350S162-97,0.1,0.71,2.42,1.32,0.75,1.36,0.24,0.58,1.32,0.75,18.11,4016,1.75,1.32,0.75,26.76,6085,1.75,2.45,0.65,-1.3,1.97,0.56
350S200-33,0.03,0.29,0.99,0.6,0.34,1.43,0.18,0.77,0.59,0.3,6,1046,1.83,0,0,0,0,0,0.12,0.54,-1.79,2.42,0.45
350S200-43,0.05,0.38,1.29,0.77,0.44,1.43,0.22,0.77,0.77,0.43,8.46,1777,1.77,0,0,0,0,0,0.26,0.68,-1.78,2.41,0.45
350S200-54,0.06,0.47,1.6,0.95,0.54,1.42,0.27,0.76,0.95,0.54,11.81,2403,1.75,0.95,0.49,14.57,3446,1.83,0.5,0.83,-1.77,2.39,0.45
350S200-68,0.07,0.59,1.99,1.17,0.67,1.41,0.33,0.75,1.17,0.67,14.84,2959,1.75,1.17,0.64,21.35,4483,1.78,0.99,1,-1.76,2.38,0.45
350S200-97,0.1,0.81,2.77,1.58,0.9,1.39,0.44,0.74,1.58,0.9,20.95,4016,1.75,1.58,0.9,31.08,6085,1.75,2.8,1.31,-1.74,2.35,0.45
350S250-43,0.05,0.42,1.44,0.91,0.52,1.46,0.38,0.95,0.91,0.45,8.98,1777,1.85,0,0,0,0,0,0.29,1.14,-2.25,2.85,0.37
350S250-54,0.06,0.53,1.8,1.12,0.64,1.46,0.47,0.94,1.12,0.58,11.4,2403,1.83,1.11,0.52,15.68,3446,1.9,0.56,1.39,-2.24,2.83,0.37
350S250-68,0.07,0.66,2.24,1.38,0.79,1.45,0.57,0.93,1.38,0.76,15.04,2959,1.78,1.38,0.66,19.67,4483,1.89,1.11,1.7,-2.24,2.82,0.37
350S250-97,0.1,0.92,3.11,1.87,1.07,1.43,0.76,0.91,1.87,1.07,24.09,4016,1.75,1.87,1.02,34.27,6085,1.79,3.15,2.25,-2.22,2.79,0.37
362S137-97,0.1,0.65,2.2,1.23,0.68,1.38,0.14,0.46,1.23,0.68,16.75,4184,1.81,1.23,0.68,24.67,6339,1.81,2.23,0.38,-0.98,1.75,0.69
362S162-97,0.1,0.72,2.46,1.44,0.79,1.41,0.24,0.58,1.44,0.79,19,4184,1.81,1.44,0.79,28.08,6339,1.81,2.5,0.7,-1.29,1.99,0.58
362S200-97,0.1,0.83,2.81,1.71,0.94,1.44,0.45,0.74,1.71,0.94,21.95,4184,1.81,1.71,0.94,32.57,6339,1.81,2.85,1.4,-1.72,2.36,0.47
362S250-43,0.05,0.43,1.46,0.98,0.54,1.51,0.39,0.95,0.98,0.48,9.39,1777,1.91,0,0,0,0,0,0.29,1.22,-2.23,2.85,0.39
362S250-54,0.06,0.54,1.82,1.21,0.67,1.5,0.47,0.94,1.21,0.6,11.92,2497,1.89,1.2,0.55,16.4,3446,1.97,0.57,1.49,-2.22,2.84,0.39
362S250-68,0.07,0.67,2.27,1.49,0.82,1.5,0.58,0.93,1.49,0.8,15.72,3076,1.84,1.49,0.69,20.58,4661,1.95,1.13,1.81,-2.21,2.83,0.39
362S250-97,0.1,0.93,3.16,2.03,1.12,1.48,0.77,0.91,2.03,1.12,25.21,4184,1.81,2.03,1.07,35.85,6339,1.85,3.2,2.4,-2.2,2.8,0.39
400S137-97,0.1,0.69,2.33,1.56,0.78,1.51,0.14,0.45,1.56,0.78,19.23,4687,2,1.56,0.78,28.33,7102,2,2.37,0.47,-0.94,1.83,0.74
400S162-97,0.1,0.76,2.59,1.81,0.91,1.54,0.25,0.57,1.81,0.91,21.75,4687,2,1.81,0.91,32.15,7102,2,2.63,0.86,-1.24,2.06,0.64
400S200-97,0.1,0.86,2.94,2.16,1.08,1.58,0.46,0.73,2.16,1.08,25.05,4687,2,2.16,1.08,37.17,7102,2,2.98,1.7,-1.67,2.41,0.52
400S250-43,0.05,0.45,1.52,1.22,0.61,1.66,0.4,0.95,1.22,0.54,10.66,1777,2.11,0,0,0,0,0,0.3,1.47,-2.17,2.89,0.44
400S250-54,0.06,0.56,1.89,1.51,0.76,1.65,0.49,0.94,1.51,0.68,13.5,2777,2.09,1.5,0.62,18.64,3446,2.16,0.59,1.8,-2.16,2.88,0.44
400S250-68,0.07,0.69,2.36,1.86,0.93,1.64,0.6,0.93,1.86,0.9,17.81,3429,2.03,1.86,0.78,23.39,5196,2.15,1.17,2.19,-2.15,2.86,0.43
400S250-97,0.1,0.97,3.29,2.54,1.27,1.62,0.8,0.91,2.54,1.27,28.64,4687,2,2.54,1.21,40.7,7102,2.05,3.33,2.92,-2.13,2.83,0.43
550S137-33,0.03,0.3,1.02,1.28,0.47,2.06,0.07,0.47,1.28,0.45,8.9,670,2.79,0,0,0,0,0,0.12,0.41,-0.86,2.29,0.86
550S137-43,0.05,0.39,1.33,1.66,0.6,2.06,0.09,0.47,1.66,0.59,13.08,1487,2.77,0,0,0,0,0,0.27,0.51,-0.85,2.28,0.86
550S137-54,0.06,0.49,1.65,2.04,0.74,2.05,0.1,0.46,2.04,0.74,16.77,2799,2.75,2.04,0.71,24.03,2967,2.79,0.52,0.62,-0.84,2.26,0.86
550S137-68,0.07,0.6,2.05,2.5,0.91,2.04,0.12,0.45,2.5,0.91,21.22,4442,2.75,2.5,0.91,31.42,5468,2.75,1.02,0.75,-0.83,2.24,0.86
550S137-97,0.1,0.84,2.85,3.38,1.23,2.01,0.16,0.43,3.38,1.23,30.35,6701,2.75,3.38,1.23,44.72,10153,2.75,2.89,0.97,-0.81,2.21,0.87
550S162-97,0.1,0.92,3.11,3.89,1.41,2.06,0.28,0.55,3.89,1.41,33.91,6701,2.75,3.89,1.41,50.13,10153,2.75,3.15,1.72,-1.08,2.39,0.8
550S200-33,0.03,0.36,1.23,1.69,0.62,2.16,0.2,0.75,1.68,0.56,10.99,670,2.86,0,0,0,0,0,0.14,1.31,-1.53,2.76,0.69
550S200-43,0.05,0.47,1.6,2.19,0.8,2.16,0.26,0.75,2.19,0.78,15.33,1487,2.78,0,0,0,0,0,0.32,1.67,-1.52,2.74,0.69
550S200-54,0.06,0.59,1.99,2.71,0.98,2.15,0.32,0.74,2.71,0.98,21.41,2799,2.75,2.71,0.89,26.62,2967,2.86,0.62,2.05,-1.51,2.73,0.69
550S200-68,0.07,0.73,2.48,3.34,1.22,2.14,0.39,0.73,3.34,1.22,27.03,4442,2.75,3.34,1.17,38.83,5468,2.79,1.24,2.49,-1.5,2.72,0.7
550S200-97,0.1,1.02,3.46,4.56,1.66,2.12,0.52,0.71,4.56,1.66,38.58,6701,2.75,4.56,1.66,57.25,10153,2.75,3.5,3.3,-1.48,2.68,0.7
550S250-43,0.05,0.52,1.75,2.52,0.92,2.22,0.45,0.93,2.52,0.82,16.15,1487,2.88,0,0,0,0,0,0.35,2.81,-1.96,3.1,0.6
550S250-54,0.06,0.64,2.18,3.13,1.14,2.21,0.55,0.92,3.13,1.03,20.4,2799,2.86,3.08,0.95,28.44,2967,2.95,0.69,3.45,-1.95,3.09,0.6
550S250-68,0.07,0.8,2.72,3.87,1.41,2.2,0.67,0.91,3.87,1.36,26.83,4442,2.79,3.87,1.19,35.71,5468,2.93,1.36,4.21,-1.94,3.07,0.6
550S250-97,0.1,1.12,3.8,5.3,1.93,2.18,0.9,0.9,5.3,1.92,43.47,6701,2.75,5.3,1.84,61.77,10153,2.81,3.86,5.64,-1.92,3.04,0.6
600S162-118,0.12,1.16,3.94,5.65,1.88,2.21,0.32,0.53,5.65,1.88,46.82,8819,3,5.65,1.88,68.94,13361,3,5.96,2.4,-1.02,2.49,0.83
600S200-118,0.12,1.28,4.36,6.64,2.21,2.28,0.61,0.69,6.64,2.21,53.05,8819,3,6.64,2.21,78.44,13361,3,6.6,4.61,-1.41,2.77,0.74
600S250-118,0.12,1.41,4.79,7.71,2.57,2.34,1.08,0.87,7.71,2.57,59.58,8819,3,7.71,2.5,85.92,13361,3.04,7.23,7.92,-1.84,3.1,0.65
600S300-54,0.06,0.73,2.47,4.32,1.44,2.44,0.88,1.1,4.27,1.21,23.93,2708,3.21,4.01,1.11,33.13,2708,3.31,0.78,6.39,-2.33,3.55,0.57
600S300-68,0.07,0.91,3.09,5.35,1.79,2.43,1.08,1.09,5.35,1.53,30.14,4442,3.19,5.14,1.45,43.3,5468,3.25,1.54,7.84,-2.32,3.53,0.57
600S300-97,0.1,1.27,4.32,7.38,2.46,2.41,1.45,1.07,7.38,2.35,52.07,7372,3.06,7.3,2.18,65.26,11124,3.15,4.38,10.57,-2.3,3.5,0.57
600S300-118,0.12,1.53,5.21,8.79,2.93,2.4,1.7,1.06,8.79,2.84,64.29,8819,3.04,8.79,2.8,83.94,13361,3.06,7.87,12.38,-2.28,3.47,0.57
600S350-54,0.06,0.83,2.81,5.02,1.67,2.47,1.49,1.34,4.92,1.44,28.48,2708,3.18,4.72,1.32,39.62,2708,3.29,0.88,12.84,-3.07,4.16,0.46
600S350-68,0.07,1.03,3.51,6.24,2.08,2.46,1.84,1.34,6.24,1.95,38.5,4442,3.08,6.17,1.76,52.73,5468,3.21,1.75,15.81,-3.06,4.15,0.46
600S350-97,0.1,1.45,4.93,8.63,2.88,2.44,2.52,1.32,8.63,2.82,61.55,7372,3.03,8.63,2.54,75.95,11124,3.16,4.99,21.5,-3.04,4.12,0.45
600S350-118,0.12,1.75,5.95,10.3,3.44,2.43,2.98,1.31,10.3,3.44,76.39,8819,3,10.3,3.3,98.88,13361,3.06,8.99,25.34,-3.03,4.1,0.45
725S162-331,0.03,0.39,1.32,2.82,0.78,2.7,0.12,0.56,2.82,0.69,13.65,503,3.82,0,0,0,0,0,0.16,1.3,-1,2.93,0.88
725S162-43,0.05,0.5,1.71,3.65,1.01,2.69,0.16,0.56,3.65,1,21.75,1116,3.63,0,0,0,0,0,0.34,1.65,-0.99,2.92,0.89
725S162-54,0.06,0.63,2.13,4.51,1.25,2.68,0.19,0.55,4.51,1.25,27.63,2222,3.63,4.51,1.21,36.29,2222,3.66,0.67,2.01,-0.98,2.91,0.89
725S162-68,0.07,0.78,2.66,5.57,1.54,2.67,0.23,0.54,5.57,1.54,35.04,4442,3.63,5.57,1.52,51.65,4489,3.64,1.33,2.44,-0.97,2.89,0.89
725S162-97,0.1,1.09,3.72,7.62,2.1,2.64,0.3,0.52,7.62,2.1,50.43,9050,3.63,7.62,2.1,74.54,11124,3.63,3.77,3.21,-0.95,2.85,0.89
725S200-331,0.03,0.42,1.44,3.24,0.89,2.77,0.22,0.72,3.24,0.74,14.59,503,3.92,0,0,0,0,0,0.17,2.37,-1.37,3.17,0.82
725S200-43,0.05,0.55,1.87,4.19,1.16,2.77,0.28,0.72,4.19,1.13,22.34,1116,3.66,0,0,0,0,0,0.37,3.03,-1.35,3.16,0.82
725S200-54,0.06,0.68,2.33,5.2,1.43,2.76,0.35,0.71,5.2,1.43,31.18,2222,3.63,5.2,1.31,39.09,2222,3.75,0.73,3.71,-1.35,3.15,0.82
725S200-68,0.07,0.85,2.9,6.43,1.77,2.74,0.42,0.7,6.43,1.77,39.46,4442,3.63,6.43,1.71,56.77,4489,3.68,1.45,4.53,-1.33,3.13,0.82
725S200-97,0.1,1.19,4.06,8.83,2.44,2.72,0.56,0.69,8.83,2.44,56.64,9050,3.63,8.83,2.44,84.04,11124,3.63,4.12,6.04,-1.31,3.1,0.82
725S250-43,0.05,0.59,2.02,4.78,1.32,2.84,0.49,0.91,4.78,1.19,23.44,1116,3.77,0,0,0,0,0,0.4,5.09,-1.77,3.46,0.74
725S250-54,0.06,0.74,2.52,5.93,1.64,2.83,0.6,0.9,5.93,1.5,29.55,2222,3.75,5.81,1.39,41.55,2222,3.85,0.79,6.25,-1.76,3.45,0.74
725S250-68,0.07,0.93,3.15,7.35,2.03,2.82,0.73,0.89,7.35,1.96,38.72,4442,3.68,7.35,1.74,52.2,4489,3.84,1.57,7.66,-1.75,3.43,0.74
725S250-97,0.1,1.3,4.41,10.13,2.79,2.8,0.98,0.87,10.13,2.79,62.98,9050,3.63,10.13,2.67,89.66,11124,3.69,4.47,10.3,-1.72,3.4,0.74
800S162-118,0.12,1.41,4.79,11.5,2.88,2.86,0.35,0.5,11.5,2.88,71.47,12097,4,11.5,2.88,105.23,16591,4,7.23,4.63,-0.88,3.03,0.92
800S200-118,0.12,1.53,5.21,13.32,3.33,2.95,0.67,0.66,13.32,3.33,79.78,12097,4,13.32,3.33,117.95,16591,4,7.87,8.75,-1.24,3.27,0.86
800S250-118,0.12,1.66,5.63,15.24,3.81,3.04,1.18,0.84,15.24,3.81,88.31,12097,4,15.24,3.71,127.5,16591,4.04,8.51,15.02,-1.64,3.55,0.79
800S300-54,0.06,0.84,2.86,8.36,2.09,3.16,0.96,1.07,8.25,1.79,35.28,2006,4.24,7.86,1.54,45.96,2006,4.5,0.9,11.96,-2.1,3.94,0.72
800S300-68,0.07,1.05,3.57,10.38,2.6,3.15,1.18,1.06,10.38,2.25,44.43,4048,4.22,9.93,2.15,64.21,4048,4.29,1.78,14.71,-2.09,3.92,0.72
800S300-97,0.1,1.47,5.02,14.38,3.59,3.12,1.6,1.04,14.38,3.44,76.21,9037,4.07,14.2,3.22,96.27,11124,4.17,5.08,19.94,-2.07,3.89,0.72
800S300-118,0.12,1.78,6.05,17.17,4.29,3.11,1.87,1.03,17.17,4.17,94.33,12097,4.05,17.17,4.12,123.27,16591,4.07,9.15,23.45,-2.05,3.86,0.72
800S350-54,0.06,0.94,3.19,9.68,2.42,3.21,1.65,1.33,9.48,2.11,41.74,2006,4.21,9.18,1.85,55.47,2006,4.44,1,22.72,-2.8,4.46,0.61
800S350-68,0.07,1.17,4,12.05,3.01,3.2,2.03,1.32,12.05,2.84,56.07,4048,4.1,11.91,2.58,77.37,4048,4.24,1.99,28.03,-2.79,4.45,0.61
800S350-97,0.1,1.65,5.62,16.74,4.18,3.18,2.78,1.3,16.74,4.1,89.43,9037,4.04,16.74,3.71,111.11,11124,4.2,5.7,38.28,-2.77,4.41,0.61
800S350-118,0.12,2,6.79,20.04,5.01,3.17,3.3,1.29,20.04,5.01,111.44,12097,4,20.04,4.81,144.08,16591,4.07,10.27,45.25,-2.75,4.39,0.61
925S162-43,0.05,0.59,2.02,6.62,1.43,3.34,0.17,0.53,6.62,1.32,26.07,868,4.8,0,0,0,0,,0.4,2.85,-0.87,3.49,0.94
925S162-54,0.06,0.74,2.52,8.2,1.77,3.33,0.2,0.52,8.2,1.77,39.35,1726,4.63,8.2,1.6,47.85,1726,4.83,0.79,3.49,-0.86,3.48,0.94
925S162-68,0.07,0.93,3.15,10.15,2.19,3.31,0.24,0.51,10.15,2.19,50.02,3479,4.63,10.15,2.18,73.78,3479,4.64,1.57,4.24,-0.85,3.46,0.94
925S162-97,0.1,1.3,4.41,13.95,3.02,3.28,0.32,0.49,13.95,3.02,72.36,9037,4.63,13.95,3.02,106.97,10272,4.63,4.47,5.61,-0.83,3.42,0.94
925S200-43,0.05,0.64,2.17,7.52,1.63,3.43,0.3,0.69,7.52,1.47,29.08,868,4.83,0,0,0,0,0,0.43,5.2,-1.21,3.7,0.89
925S200-54,0.06,0.8,2.71,9.33,2.02,3.42,0.37,0.68,9.33,2.02,43.89,1726,4.63,9.33,1.68,50.3,1726,4.98,0.85,6.38,-1.2,3.69,0.89
925S200-68,0.07,1,3.39,11.57,2.5,3.41,0.45,0.67,11.57,2.5,55.66,3479,4.63,11.57,2.42,80.26,3479,4.68,1.69,7.79,-1.19,3.67,0.9
925S200-97,0.1,1.4,4.76,15.96,3.45,3.38,0.6,0.65,15.96,3.45,80.25,9037,4.63,15.96,3.45,119.07,10272,4.63,4.82,10.44,-1.17,3.63,0.9
925S250-43,0.05,0.68,2.33,8.47,1.83,3.52,0.52,0.87,8.47,1.5,29.69,868,5.02,0,0,0,0,0,0.46,8.73,-1.59,3.96,0.84
925S250-54,0.06,0.85,2.9,10.53,2.28,3.51,0.64,0.87,10.53,2.1,41.42,1726,4.77,10.47,1.75,52.27,1726,5.14,0.91,10.74,-1.58,3.95,0.84
925S250-68,0.07,1.07,3.63,13.07,2.83,3.5,0.78,0.86,13.07,2.74,54.09,3479,4.68,13.07,2.47,73.79,3479,4.86,1.81,13.19,-1.57,3.93,0.84
925S250-97,0.1,1.5,5.1,18.09,3.91,3.47,1.05,0.84,18.09,3.9,88.16,9037,4.63,18.09,3.74,125.86,10272,4.7,5.17,17.82,-1.55,3.89,0.84
1000S137-431,0.05,0.59,2.02,7.23,1.45,3.49,0.1,0.41,7.23,1.25,24.78,802,5.32,0,0,0,0,0,0.4,2,-0.62,3.57,0.97
1000S137-54,0.06,0.74,2.52,8.96,1.79,3.48,0.12,0.4,8.96,1.79,35.4,1593,5,8.96,1.53,45.67,1593,5.35,0.79,2.43,-0.61,3.55,0.97
1000S137-68,0.07,0.93,3.15,11.08,2.22,3.46,0.14,0.39,11.08,2.22,51.65,3209,5,11.08,2.22,66.32,3209,5,1.57,2.94,-0.6,3.53,0.97
1000S162-118,0.12,1.66,5.63,20.17,4.03,3.49,0.36,0.47,20.17,4.03,100.24,13479,5,20.17,4.03,147.59,16591,5,8.51,7.75,-0.78,3.61,0.95
1000S200-118,0.12,1.78,6.05,23.05,4.61,3.6,0.7,0.63,23.05,4.61,110.5,13479,5,23.05,4.61,163.36,16591,5,9.15,14.53,-1.1,3.82,0.92
1000S250-118,0.12,1.9,6.48,26.08,5.22,3.7,1.25,0.81,26.08,5.22,120.89,13479,5,26.08,5.08,174.83,16591,5.05,9.79,24.96,-1.47,4.07,0.87
1000S300-54,0.06,0.95,3.24,14.08,2.82,3.84,1.02,1.04,13.94,2.31,45.69,1593,5.39,13.44,1.9,56.96,1593,5.83,1.02,19.72,-1.92,4.42,0.81
1000S300-68,0.07,1.19,4.06,17.51,3.5,3.83,1.26,1.03,17.5,3.07,60.65,3209,5.25,16.96,2.8,83.89,3209,5.44,2.02,24.28,-1.9,4.4,0.81
1000S300-97,0.1,1.68,5.71,24.32,4.86,3.81,1.7,1.01,24.32,4.67,103.39,9037,5.08,24.01,4.39,131.43,9461,5.19,5.78,33.03,-1.88,4.36,0.81
1000S300-118,0.12,2.03,6.9,29.11,5.82,3.79,2,0.99,29.11,5.66,128.16,13479,5.05,29.11,5.6,167.61,16591,5.08,10.43,38.93,-1.86,4.34,0.82
1000S350-54,0.06,1.05,3.58,16.22,3.24,3.93,1.77,1.3,15.95,2.75,54.42,1593,5.33,15.59,2.31,69.2,1593,5.73,1.12,36.31,-2.57,4.87,0.72
1000S350-68,0.07,1.32,4.48,20.2,4.04,3.92,2.19,1.29,20.2,3.82,75.57,3209,5.11,20.03,3.4,101.81,3209,5.35,2.23,44.85,-2.56,4.85,0.72
1000S350-97,0.1,1.86,6.31,28.15,5.63,3.9,2.99,1.27,28.15,5.52,120.32,9037,5.04,28.15,5.03,150.5,9461,5.22,6.4,61.43,-2.54,4.82,0.72
1000S350-118,0.12,2.25,7.64,33.77,6.75,3.88,3.54,1.26,33.77,6.75,150.23,13479,5,33.77,6.49,194.36,16591,5.08,11.54,72.77,-2.52,4.8,0.72
1150S162-54,0.06,0.87,2.95,14.13,2.46,4.04,0.21,0.49,14.13,2.25,44.47,1380,5.97,14.13,1.95,58.24,1380,6.35,0.93,5.71,-0.76,4.14,0.97
1150S162-68,0.07,1.09,3.69,17.52,3.05,4.02,0.25,0.48,17.52,3.05,69.47,2777,5.75,17.52,2.85,85.31,2777,5.92,1.84,6.96,-0.75,4.12,0.97
1150S162-97,0.1,1.53,5.19,24.19,4.21,3.98,0.33,0.46,24.19,4.21,100.94,8170,5.75,24.19,4.21,149.21,8170,5.75,5.26,9.24,-0.73,4.08,0.97
1150S200-54,0.06,0.92,3.14,15.9,2.77,4.15,0.39,0.65,15.9,2.56,50.6,1380,5.95,15.9,2.06,61.62,1380,6.49,0.99,10.41,-1.07,4.33,0.94
1150S200-68,0.07,1.16,3.94,19.75,3.43,4.13,0.48,0.64,19.75,3.43,76.42,2777,5.75,19.75,3.15,94.2,2777,5.97,1.96,12.75,-1.06,4.31,0.94
1150S200-97,0.1,1.63,5.53,27.35,4.76,4.1,0.63,0.62,27.35,4.76,110.59,8170,5.75,27.35,4.76,164.08,8170,5.75,5.61,17.13,-1.04,4.28,0.94
1150S250-54,0.06,0.98,3.34,17.75,3.09,4.25,0.68,0.83,17.75,2.58,50.94,1380,6.19,17.75,2.15,64.31,1380,6.65,1.05,17.57,-1.43,4.56,0.9
1150S250-68,0.07,1.23,4.18,22.08,3.84,4.24,0.83,0.82,22.08,3.73,73.64,2777,5.81,22.08,3.03,90.62,2777,6.31,2.08,21.6,-1.41,4.55,0.9
1150S250-97,0.1,1.73,5.88,30.65,5.33,4.21,1.11,0.8,30.65,5.32,120.16,8170,5.75,30.65,5.12,172.09,8170,5.84,5.96,29.27,-1.39,4.51,0.91
1200S137-541,0.06,0.85,2.9,14.28,2.38,4.09,0.12,0.38,14.28,2.09,41.31,1321,6.34,14.28,1.8,53.85,1321,6.74,0.911   3,0.68,-0.54,4.14,0.98
1200S137-68,0.07,1.07,3.63,17.7,2.95,4.07,0.14,0.37,17.7,2.95,58.29,2658,6,17.7,2.65,79.26,2658,6.28,1.809   4,0.46,-0.53,4.12,0.98
1200S137-97,0.1,1.5,5.1,24.38,4.06,4.03,0.18,0.35,24.38,4.06,100.36,7814,6,24.38,4.06,147.87,7814,6,5.170   5,0.85,-0.51,4.08,0.98
1200S162-118,0.12,1.9,6.48,32.15,5.36,4.11,0.38,0.44,32.15,5.36,133.14,13479,6,32.15,5.36,196.02,14373,6,9.788 11.,794,-0.7,4.19,0.97
1200S200-118,0.12,2.03,6.9,36.35,6.06,4.23,0.73,0.6,36.35,6.06,145.19,13479,6,36.35,6.06,214.65,14373,6,10.427 22,0.05,-1,4.39,0.95
1200S250-118,0.12,2.15,7.32,40.73,6.79,4.35,1.31,0.78,40.73,6.79,157.31,13479,6,40.73,6.62,227.88,14373,6.05,11.065 37,0.92,-1.35,4.62,0.92
1200S300-541,0.06,1.07,3.63,21.7,3.62,4.51,1.07,1,21.65,2.74,54.06,1321,6.71,20.82,2.27,68.04,1321,7.2,1.138 29.,820,-1.76,4.95,0.87
1200S300-68,0.07,1.34,4.54,27.02,4.5,4.5,1.32,0.99,27.02,3.91,77.32,2658,6.32,26.51,3.32,99.32,2658,6.76,2.262 36.,764,-1.75,4.93,0.87
1200S300-97,0.1,1.88,6.4,37.62,6.27,4.47,1.79,0.97,37.62,6.04,133.59,7814,6.09,37.14,5.7,170.71,7814,6.21,6.484 50.,127,-1.73,4.89,0.88
1200S300-118,0.12,2.28,7.75,45.11,7.52,4.45,2.1,0.96,45.11,7.32,165.76,13479,6.06,45.11,7.25,216.94,14373,6.08,11.704 59,0.18,-1.71,4.87,0.88
1200S350-541,0.06,1.17,3.96,24.86,4.14,4.62,1.87,1.27,24.62,3.28,64.78,1321,6.61,24.1,2.77,82.98,1321,7.06,1.244 53.,910,-2.39,5.35,0.8
1200S350-68,0.07,1.46,4.97,31,5.17,4.61,2.31,1.26,31,4.91,96.98,2658,6.12,30.93,4.05,121.11,2658,6.63,2.473 66.,670,-2.38,5.34,0.8
1200S350-97,0.1,2.06,7.01,43.27,7.21,4.58,3.16,1.24,43.27,7.07,154.21,7814,6.05,43.27,6.48,194.06,7814,6.24,7.098 91.,506,-2.35,5.3,0.8
1200S350-118,0.12,2.49,8.48,51.99,8.67,4.57,3.74,1.23,51.99,8.67,192.74,13479,6,51.99,8.34,249.67,14373,6.09,12.821 10,8.58,-2.34,5.27,0.8
1350S162-541,0.06,0.98,3.34,21.23,3.15,4.65,0.22,0.47,21.23,2.59,51.16,1171,7.34,18.3,2.01,60.19,1171,7.8,1.05,8.22,-0.69,4.73,0.98
1350S162-68,0.07,1.23,4.18,26.37,3.91,4.63,0.26,0.46,26.37,3.73,73.78,2354,6.88,24.05,2.93,87.63,2354,7.33,2.08,10.02,-0.68,4.71,0.98
1350S162-97,0.1,1.73,5.88,36.51,5.41,4.6,0.34,0.44,36.51,5.41,129.8,6912,6.75,33.22,4.92,179.07,6912,6.75,5.96,13.34,-0.66,4.67,0.98
1350S200-541,0.06,1.04,3.53,23.69,3.51,4.78,0.4,0.62,23.69,2.96,58.4,1171,7.28,20.07,2.26,67.77,1171,7.74,1.11,14.97,-0.98,4.92,0.96
1350S200-68,0.07,1.3,4.42,29.46,4.37,4.76,0.49,0.62,29.46,4.19,82.88,2354,6.87,26.37,3.27,97.97,2354,7.28,2.2,18.34,-0.97,4.9,0.96
1350S200-97,0.1,1.83,6.23,40.91,6.06,4.73,0.65,0.6,40.91,6.06,140.91,6912,6.75,36.51,5.41,191.87,6912,6.75,6.31,24.7,-0.95,4.86,0.96
1350S250-541,0.06,1.09,3.72,26.25,3.89,4.9,0.7,0.8,26.25,2.99,59.02,1171,7.53,22.91,2.4,71.88,1171,7.88,1.17,25.3,-1.31,5.13,0.94
1350S250-68,0.07,1.37,4.66,32.68,4.84,4.88,0.86,0.79,32.68,4.48,88.48,2354,6.97,29.46,3.63,108.62,2354,7.31,2.32,31.13,-1.3,5.12,0.94
1350S250-97,0.1,1.93,6.57,45.47,6.74,4.85,1.15,0.77,45.47,6.72,151.87,6912,6.76,40.91,6.06,209.07,6912,6.75,6.66,42.26,-1.28,5.08,0.94
1400S137-541,0.06,0.97,3.29,21.32,3.05,4.7,0.12,0.36,21.32,2.39,47.25,1128,7.74,19.73,2.08,62.32,1128,8.16,1.032   5,50.22,-0.49,4.74,0.99
1400S137-68,0.07,1.21,4.12,26.46,3.78,4.68,0.15,0.35,26.46,3.48,68.81,2268,7.24,26.46,3.02,90.5,2268,7.68,2.050   6,60.33,-0.48,4.71,0.99
1400S137-97,0.1,1.7,5.79,36.57,5.22,4.63,0.19,0.33,36.57,5.22,129.02,6656,7,36.57,5.22,156.39,6656,7,5.871   8,80.31,-0.46,4.67,0.99
1400S162-541,0.06,1.01,3.43,23.3,3.33,4.81,0.22,0.46,23.3,2.68,52.88,1128,7.68,21.66,2.34,70.18,1128,8.1,1.078   8,80.93,-0.68,4.88,0.98
1400S162-68,0.07,1.26,4.3,28.95,4.14,4.79,0.26,0.46,28.95,3.84,75.92,2268,7.22,28.95,3.38,101.23,2268,7.63,2.141 10.,10.88,-0.67,4.86,0.98
1400S162-97,0.1,1.78,6.05,40.12,5.73,4.75,0.34,0.44,40.12,5.73,137.52,6656,7,40.12,5.73,171.58,6656,7,6.134 14.,14.49,-0.65,4.81,0.98
1400S162-118,0.12,2.15,7.32,47.93,6.85,4.72,0.39,0.42,47.93,6.85,170.15,12225,7,47.93,6.85,250.51,12225,7,11.065 16,160.8,-0.63,4.78,0.98
1400S200-541,0.06,1.07,3.63,25.95,3.71,4.94,0.41,0.62,25.95,3.06,60.38,1128,7.62,24.72,2.49,74.47,1128,8.23,1.138 16.,250,-0.96,5.07,0.96
1400S200-68,0.07,1.34,4.54,32.28,4.61,4.92,0.49,0.61,32.28,4.32,85.39,2268,7.2,32.28,3.75,112.3,2268,7.65,2.262 19.,920,-0.95,5.05,0.97
1400S200-97,0.1,1.88,6.4,44.85,6.41,4.88,0.66,0.59,44.85,6.41,148.98,6656,7,44.85,6.41,191.84,6656,7,6.484 26.,834,-0.93,5.01,0.97
1400S200-118,0.12,2.28,7.75,53.7,7.67,4.86,0.76,0.58,53.7,7.67,183.85,12225,7,53.7,7.67,271.81,12225,7,11.704 31,0.39,-0.91,4.98,0.97
1400S250-541,0.06,1.12,3.82,28.7,4.1,5.06,0.71,0.79,28.7,3.09,61.06,1128,7.87,27.89,2.6,77.87,1128,8.39,1.198 27.,489,-1.29,5.28,0.94
1400S250-68,0.07,1.41,4.78,35.74,5.11,5.04,0.87,0.78,35.74,4.62,91.25,2268,7.3,35.74,3.63,108.79,2268,8.01,2.383 33.,827,-1.28,5.26,0.94
1400S250-97,0.1,1.98,6.75,49.76,7.11,5.01,1.16,0.77,49.76,7.1,160.28,6656,7.01,49.76,6.89,206.17,6656,7.08,6.835 45.,941,-1.25,5.22,0.94
1400S250-118,0.12,2.4,8.17,59.68,8.53,4.99,1.35,0.75,59.68,8.53,197.58,12225,7,59.68,8.33,286.65,12225,7.06,12.342 54,0.08,-1.24,5.19,0.94
1400S300-68,0.07,1.48,5.03,39.2,5.6,5.15,1.37,0.96,39.2,4.48,88.54,2268,7.64,38.64,3.84,114.94,2268,8.12,2.503 52.,316,-1.62,5.49,0.91
1400S300-97,0.1,2.08,7.09,54.68,7.81,5.12,1.85,0.94,54.68,7.54,166.8,6656,7.09,53.99,7.15,213.99,6656,7.22,7.186 71.,455,-1.6,5.45,0.91
1400S300-118,0.12,2.53,8.59,65.66,9.38,5.1,2.17,0.93,65.66,9.15,207.12,12225,7.06,65.66,9.06,271.26,12225,7.09,12.981 84,0.47,-1.58,5.42,0.92
1400S350-68,0.07,1.6,5.45,44.71,6.39,5.28,2.41,1.23,44.71,5.7,112.64,2268,7.34,44.71,4.69,140.53,2268,7.95,2.715 93.,790,-2.22,5.86,0.86
1400S350-97,0.1,2.26,7.7,62.51,8.93,5.26,3.3,1.21,62.51,8.76,191.08,6656,7.05,62.51,8.01,239.84,6656,7.29,7.799 128,0.94,-2.19,5.82,0.86
1400S350-118,0.12,2.74,9.33,75.2,10.74,5.24,3.9,1.19,75.2,10.74,238.95,12225,7,75.2,10.35,309.98,12225,7.1,14.099 15,3.19,-2.18,5.8,0.86
1600S162-681,0.07,1.41,4.78,40.91,5.11,5.39,0.27,0.44,40.91,4.29,84.82,1978,8.61,39.5,3.83,114.54,1978,9.03,2.38,14.73,-0.61,5.45,0.99
1600S162-97,0.1,1.98,6.75,56.82,7.1,5.35,0.35,0.42,56.82,7.1,170.45,5796,8,56.82,6.68,200.09,5796,8.2,6.84,19.63,-0.59,5.4,0.99
1600S162-118,0.12,2.4,8.17,68.01,8.5,5.32,0.39,0.41,68.01,8.5,211.27,10635,8,68.01,8.5,311.06,10635,8,12.34,22.78,-0.58,5.37,0.99
1600S200-681,0.07,1.48,5.03,45.29,5.66,5.54,0.51,0.59,45.29,4.84,95.71,1978,8.56,43.97,4.25,127.23,1978,9.03,2.5,26.97,-0.88,5.64,0.98
1600S200-97,0.1,2.08,7.09,63.05,7.88,5.5,0.67,0.57,63.05,7.88,183.25,5796,8,63.05,7.47,223.54,5796,8.19,7.19,36.38,-0.86,5.6,0.98
1600S200-118,0.12,2.53,8.59,75.6,9.45,5.47,0.77,0.55,75.6,9.45,226.49,10635,8,75.6,9.45,334.85,10635,8,12.98,42.6,-0.84,5.56,0.98
1600S250-681,0.07,1.55,5.27,49.81,6.23,5.67,0.89,0.76,49.81,5.19,102.56,1978,8.64,49.81,4.13,123.6,1978,9.41,2.62,45.89,-1.19,5.84,0.96
1600S250-97,0.1,2.19,7.44,69.48,8.69,5.64,1.19,0.74,69.48,8.67,195.81,5796,8.01,69.48,7.89,236.34,5796,8.31,7.54,62.41,-1.16,5.8,0.96
1600S250-118,0.12,2.65,9.01,83.43,10.43,5.61,1.39,0.72,83.43,10.43,241.69,10635,8,83.43,10.21,351.12,10635,8.06,13.62,73.54,-1.15,5.77,0.96
1600S300-681,0.07,1.62,5.51,54.34,6.79,5.79,1.41,0.93,54.34,5.06,99.98,1978,8.99,53.81,4.37,130.75,1978,9.51,2.75,71.06,-1.51,6.06,0.94
162T100-18,0.02,0.07,0.23,0.04,0.04,0.71,0.01,0.32,0.03,0.02,0.48,309,1.04,0,0,0,0,0,0.01,0,-0.67,1.03,0.58
162T100-27,0.03,0.1,0.35,0.05,0.06,0.72,0.01,0.32,0.05,0.04,0.83,577,1,0,0,0,0,0,0.03,0.01,-0.66,1.03,0.58
162T100-30,0.03,0.11,0.38,0.06,0.07,0.72,0.01,0.32,0.05,0.05,0.95,637,0.99,0,0,0,0,0,0.04,0.01,-0.66,1.03,0.59
162T100-33,0.03,0.13,0.43,0.06,0.07,0.72,0.01,0.32,0.06,0.06,1.09,70 7,0.98,0,0,0,0,0,0.05,0.01,-0.66,1.03,0.59
162T100-43,0.05,0.16,0.55,0.08,0.09,0.72,0.02,0.32,0.08,0.08,1.58,925,0.95,0,0,0,0,0,0.11,0.01,-0.65,1.02,0.59
162T100-54,0.06,0.2,0.7,0.11,0.12,0.72,0.02,0.32,0.11,0.11,2.19,1151,0.93,0.11,0.1,3.07,1743,0.96,0.22,0.01,-0.65,1.02,0.6
162T100-68,0.07,0.26,0.88,0.14,0.15,0.74,0.03,0.31,0.14,0.15,3.3,1429,0.94,0.14,0.14,4.28,2165,0.95,0.44,0.02,-0.65,1.03,0.61
162T125-43,0.05,0.19,0.63,0.1,0.11,0.74,0.03,0.41,0.09,0.09,1.68,925,1,0,0,0,0,0,0.13,0.02,-0.88,1.22,0.48
162T125-54,0.06,0.23,0.79,0.13,0.14,0.75,0.04,0.4,0.13,0.12,2.36,1151,0.98,0.12,0.11,3.27,1743,1.01,0.25,0.02,-0.87,1.22,0.49
162T125-68,0.07,0.29,1,0.17,0.18,0.76,0.05,0.4,0.17,0.17,3.33,1429,0.96,0.17,0.16,4.65,2165,0.99,0.5,0.03,-0.87,1.22,0.49
162T150-33,0.03,0.16,0.54,0.09,0.1,0.75,0.04,0.49,0.07,0.06,1.19,70 7,1.07,0,0,0,0,0,0.06,0.02,-1.11,1.43,0.4
162T150-43,0.05,0.21,0.71,0.12,0.13,0.75,0.05,0.49,0.1,0.09,1.75,925,1.04,0,0,0,0,0,0.14,0.03,-1.11,1.43,0.4
162T150-54,0.06,0.26,0.89,0.15,0.17,0.76,0.06,0.49,0.14,0.13,2.48,1151,1.02,0.13,0.11,3.42,1743,1.05,0.28,0.04,-1.1,1.43,0.4
162T150-68,0.07,0.33,1.12,0.2,0.21,0.77,0.08,0.49,0.19,0.18,3.55,1429,1,0.19,0.16,4.91,2165,1.03,0.56,0.05,-1.1,1.43,0.41
250T100-18,0.02,0.09,0.29,0.09,0.07,1.02,0.01,0.31,0.07,0.05,0.88,235,1.5,0,0,0,0,0,0.01,0.01,-0.57,1.21,0.78
250T100-27,0.03,0.13,0.43,0.13,0.1,1.02,0.01,0.31,0.12,0.08,1.49,700,1.46,0,0,0,0,0,0.03,0.02,-0.57,1.21,0.78
250T100-30,0.03,0.14,0.48,0.15,0.11,1.02,0.01,0.31,0.13,0.09,1.69,851,1.45,0,0,0,0,0,0.05,0.02,-0.57,1.21,0.78
250T100-33,0.03,0.16,0.53,0.16,0.12,1.02,0.02,0.31,0.15,0.1,1.93,1046,1.43,0,0,0,0,0,0.06,0.02,-0.57,1.21,0.78
250T100-43,0.05,0.2,0.69,0.21,0.16,1.02,0.02,0.31,0.21,0.14,2.74,1446,1.4,0,0,0,0,0,0.14,0.02,-0.56,1.21,0.78
250T100-54,0.06,0.25,0.86,0.27,0.2,1.03,0.02,0.3,0.27,0.19,3.73,1804,1.38,0.27,0.18,5.31,2734,1.41,0.27,0.03,-0.56,1.21,0.79
250T100-68,0.07,0.32,1.09,0.34,0.25,1.04,0.03,0.3,0.34,0.25,5.58,2252,1.38,0.34,0.24,7.26,3412,1.39,0.54,0.04,-0.55,1.21,0.79
350T100-18,0.02,0.1,0.35,0.19,0.1,1.35,0.01,0.29,0.16,0.06,1.22,166,2.18,0,0,0,0,0,0.01,0.02,-0.5,1.47,0.89
350T100-27,0.03,0.16,0.53,0.29,0.16,1.35,0.01,0.29,0.26,0.12,2.42,566,1.97,0,0,0,0,0,0.04,0.03,-0.49,1.47,0.89
350T100-30,0.03,0.17,0.58,0.31,0.17,1.35,0.01,0.29,0.29,0.14,2.73,758,1.96,0,0,0,0,0,0.06,0.03,-0.49,1.47,0.89
350T100-33,0.03,0.19,0.65,0.35,0.19,1.35,0.02,0.29,0.32,0.16,3.11,1033,1.95,0,0,0,0,0,0.08,0.04,-0.49,1.47,0.89
350T100-43,0.05,0.25,0.84,0.45,0.25,1.35,0.02,0.29,0.44,0.22,4.36,1777,1.91,0,0,0,0,0,0.17,0.05,-0.49,1.47,0.89
350T100-54,0.06,0.31,1.06,0.57,0.31,1.36,0.03,0.29,0.57,0.3,5.86,2551,1.88,0.57,0.28,8.4,3446,1.91,0.33,0.06,-0.48,1.47,0.89
350T100-68,0.07,0.39,1.33,0.73,0.39,1.37,0.03,0.28,0.73,0.39,8.67,3193,1.88,0.73,0.38,11.34,4838,1.89,0.66,0.08,-0.48,1.48,0.9
350T150-97,0.1,0.66,2.24,1.42,0.74,1.47,0.14,0.46,1.42,0.74,14.58,4494,1.93,1.42,0.7,20.98,6809,1.97,2.27,0.34,-0.85,1.76,0.76
350T200-97,0.1,0.76,2.59,1.78,0.92,1.53,0.31,0.63,1.78,0.83,16.41,4494,2.01,1.71,0.77,23.01,6809,2.06,2.62,0.76,-1.27,2.09,0.63
362T100-18,0.02,0.11,0.36,0.21,0.11,1.39,0.01,0.29,0.17,0.06,1.26,160,2.26,0,0,0,0,0,0.01,0.02,-0.49,1.5,0.9
362T100-27,0.03,0.16,0.54,0.31,0.16,1.39,0.01,0.29,0.28,0.13,2.55,546,2.04,0,0,0,0,0,0.04,0.03,-0.48,1.5,0.9
362T100-30,0.03,0.18,0.6,0.34,0.18,1.39,0.02,0.29,0.31,0.15,2.88,731,2.02,0,0,0,0,0,0.06,0.04,-0.48,1.5,0.9
362T100-33,0.03,0.19,0.66,0.38,0.2,1.39,0.02,0.29,0.35,0.17,3.28,996,2.01,0,0,0,0,0,0.08,0.04,-0.48,1.5,0.9
362T100-43,0.05,0.25,0.86,0.49,0.26,1.39,0.02,0.29,0.48,0.23,4.58,1777,1.97,0,0,0,0,0,0.17,0.05,-0.48,1.5,0.9
362T100-54,0.06,0.32,1.08,0.62,0.33,1.4,0.03,0.28,0.62,0.31,6.15,2645,1.94,0.61,0.3,8.82,3446,1.98,0.34,0.07,-0.47,1.5,0.9
362T100-68,0.07,0.4,1.36,0.79,0.41,1.41,0.03,0.28,0.79,0.41,9.09,3311,1.94,0.79,0.4,11.9,5017,1.96,0.68,0.08,-0.47,1.51,0.9
362T100-97,0.1,0.57,1.94,1.15,0.58,1.42,0.04,0.27,1.15,0.58,13.45,4662,1.99,1.15,0.58,19.96,7063,1.99,1.97,0.12,-0.46,1.52,0.91
362T125-97,0.1,0.62,2.11,1.34,0.68,1.47,0.08,0.36,1.34,0.68,15.24,4662,1.99,1.34,0.68,20.2,7063,1.99,2.14,0.22,-0.65,1.65,0.85
362T150-97,0.1,0.67,2.29,1.53,0.77,1.51,0.14,0.45,1.53,0.77,15.23,4662,1.99,1.53,0.73,21.94,7063,2.03,2.32,0.37,-0.84,1.79,0.78
362T200-97,0.1,0.77,2.63,1.92,0.96,1.58,0.31,0.63,1.92,0.87,17.14,4662,2.07,1.84,0.8,24.06,7063,2.13,2.67,0.82,-1.26,2.11,0.65
362T250-43,0.05,0.39,1.32,0.97,0.51,1.58,0.26,0.82,0.71,0.28,5.56,1777,2.32,0,0,0,0,0,0.26,0.64,-1.72,2.47,0.52
362T250-54,0.06,0.49,1.66,1.22,0.64,1.59,0.32,0.82,0.97,0.39,7.69,2645,2.28,0.91,0.36,10.77,3446,2.33,0.52,0.81,-1.71,2.47,0.52
362T250-68,0.07,0.61,2.09,1.57,0.81,1.6,0.41,0.81,1.34,0.55,10.79,3311,2.23,1.26,0.5,15.04,5017,2.29,1.04,1.04,-1.71,2.47,0.52
362T250-97,0.1,0.88,2.98,2.3,1.16,1.62,0.57,0.81,2.18,0.93,18.34,4662,2.16,2.07,0.85,25.49,7063,2.23,3.02,1.52,-1.7,2.48,0.53
400T100-181,0.02,0.11,0.38,0.26,0.13,1.51,0.01,0.29,0.22,0.07,1.38,145,2.53,0,0,0,0,0,0.01,0.03,-0.46,1.61,0.92
400T100-27,0.03,0.17,0.58,0.39,0.19,1.51,0.01,0.28,0.35,0.15,2.96,49 4,2.23,0,0,0,0,0,0.05,0.04,-0.46,1.61,0.92
400T100-30,0.03,0.19,0.64,0.43,0.21,1.51,0.02,0.28,0.39,0.17,3.33,661,2.21,0,0,0,0,0,0.06,0.05,-0.46,1.61,0.92
400T100-33,0.03,0.21,0.71,0.48,0.23,1.51,0.02,0.28,0.44,0.19,3.79,90 1,2.2,0,0,0,0,0,0.08,0.05,-0.46,1.61,0.92
400T100-43,0.05,0.27,0.92,0.62,0.3,1.52,0.02,0.28,0.61,0.27,5.28,1777,2.16,0,0,0,0,0,0.18,0.07,-0.45,1.61,0.92
400T100-54,0.06,0.34,1.15,0.78,0.37,1.52,0.03,0.28,0.78,0.36,7.06,2799,2.13,0.77,0.34,10.16,3446,2.17,0.36,0.08,-0.45,1.61,0.92
400T100-68,0.07,0.43,1.45,1,0.47,1.53,0.03,0.28,1,0.47,10.42,3664,2.13,1,0.46,13.65,5468,2.14,0.72,0.1,-0.45,1.61,0.92
400T100-97,0.1,0.61,2.07,1.44,0.66,1.54,0.04,0.27,1.44,0.66,15.4,5165,2.18,1.44,0.66,22.86,7826,2.18,2.1,0.15,-0.44,1.62,0.93
400T125-97,0.1,0.66,2.24,1.67,0.77,1.59,0.08,0.36,1.67,0.77,17.35,5165,2.18,1.67,0.77,23,7826,2.18,2.27,0.28,-0.62,1.75,0.88
400T150-97,0.1,0.71,2.41,1.9,0.87,1.64,0.14,0.45,1.9,0.87,17.27,5165,2.18,1.9,0.83,24.92,7826,2.22,2.45,0.46,-0.81,1.88,0.82
400T200-33,0.03,0.28,0.94,0.77,0.37,1.67,0.11,0.64,0.58,0.22,4.34,901,2.47,0,0,0,0,0,0.11,0.34,-1.24,2.17,0.67
400T200-43,0.05,0.36,1.23,1,0.48,1.67,0.15,0.64,0.81,0.31,6.14,1777,2.42,0,0,0,0,0,0.24,0.44,-1.24,2.17,0.68
400T200-54,0.06,0.45,1.54,1.27,0.6,1.68,0.18,0.64,1.09,0.43,8.42,2799,2.37,1.04,0.4,11.88,3446,2.43,0.48,0.55,-1.23,2.17,0.68
400T200-68,0.07,0.57,1.94,1.62,0.76,1.69,0.23,0.63,1.49,0.59,11.68,3664,2.33,1.41,0.55,16.42,5468,2.39,0.97,0.7,-1.23,2.18,0.68
400T200-97,0.1,0.81,2.76,2.36,1.09,1.71,0.32,0.63,2.36,0.98,19.38,5165,2.26,2.27,0.91,27.28,7826,2.32,2.8,1.02,-1.22,2.19,0.69
400T250-43,0.05,0.41,1.38,1.19,0.57,1.72,0.27,0.81,0.89,0.32,6.4,1777,2.53,0,0,0,0,0,0.28,0.8,-1.67,2.53,0.57
400T250-54,0.06,0.51,1.73,1.51,0.72,1.72,0.34,0.81,1.21,0.45,8.8,2799,2.48,1.14,0.41,12.38,3446,2.54,0.54,1.01,-1.66,2.53,0.57
400T250-68,0.07,0.64,2.18,1.93,0.91,1.74,0.42,0.81,1.65,0.62,12.28,3664,2.44,1.56,0.57,17.19,5468,2.5,1.09,1.29,-1.66,2.53,0.57
400T250-97,0.1,0.91,3.11,2.82,1.3,1.76,0.59,0.8,2.68,1.05,20.72,5165,2.36,2.55,0.97,28.89,7826,2.43,3.15,1.88,-1.65,2.54,0.58
400T300-54,0.06,0.57,1.92,1.75,0.84,1.76,0.55,0.99,1.3,0.46,9.09,2799,2.58,1.22,0.43,12.77,3446,2.64,0.6,1.66,-2.11,2.92,0.48
400T300-68,0.07,0.71,2.42,2.24,1.05,1.77,0.69,0.98,1.8,0.65,12.74,3664,2.53,1.69,0.59,17.78,5468,2.6,1.21,2.12,-2.1,2.92,0.48
400T300-97,0.1,1.02,3.45,3.28,1.51,1.8,0.97,0.98,2.95,1.1,21.7,5165,2.45,2.79,1.01,30.09,7826,2.52,3.5,3.1,-2.09,2.93,0.49
550T100-27,0.03,0.21,0.72,0.84,0.3,1.99,0.01,0.26,0.78,0.21,4.07,357,3.2,0,0,0,0,0,0.06,0.09,-0.39,2.04,0.96
550T100-30,0.03,0.23,0.8,0.92,0.33,1.99,0.02,0.26,0.86,0.25,4.97,478,3.09,0,0,0,0,0,0.08,0.1,-0.39,2.04,0.96
550T100-33,0.03,0.26,0.88,1.02,0.36,1.99,0.02,0.26,0.96,0.31,6.17,652,2.96,0,0,0,0,0,0.1,0.11,-0.39,2.04,0.96
550T100-43,0.05,0.34,1.15,1.33,0.47,1.99,0.02,0.26,1.31,0.43,8.49,1443,2.92,0,0,0,0,0,0.23,0.14,-0.38,2.04,0.97
550T100-54,0.06,0.42,1.44,1.68,0.59,1.99,0.03,0.26,1.68,0.57,11.22,2799,2.88,1.65,0.54,16.29,2859,2.92,0.45,0.17,-0.38,2.04,0.97
550T100-68,0.07,0.53,1.82,2.13,0.74,2,0.03,0.25,2.13,0.74,16.45,4442,2.88,2.13,0.72,21.65,5468,2.9,0.9,0.21,-0.38,2.05,0.97
550T100-97,0.1,0.76,2.59,3.06,1.05,2.01,0.05,0.25,3.06,1.05,24.32,7179,2.93,3.06,1.05,36.08,10877,2.93,2.62,0.3,-0.37,2.06,0.97
550T125-97,0.1,0.81,2.76,3.48,1.19,2.07,0.09,0.33,3.48,1.19,26.87,7179,2.93,3.48,1.19,35.62,10877,2.93,2.8,0.56,-0.53,2.16,0.94
550T150-97,0.1,0.86,2.93,3.9,1.33,2.13,0.15,0.42,3.9,1.33,26.35,7179,2.93,3.9,1.28,38.27,10877,2.97,2.97,0.93,-0.7,2.28,0.91
550T200-97,0.1,0.96,3.28,4.75,1.62,2.22,0.35,0.6,4.75,1.48,29.3,7179,3.02,4.57,1.39,41.64,10877,3.09,3.32,2.05,-1.08,2.54,0.82
550T250-43,0.05,0.47,1.61,2.4,0.85,2.25,0.3,0.79,1.84,0.52,10.2,1443,3.34,0,0,0,0,0,0.32,1.64,-1.5,2.82,0.72
550T250-54,0.06,0.59,2.02,3.03,1.06,2.26,0.37,0.79,2.47,0.7,13.81,2799,3.29,2.35,0.66,19.66,2859,3.35,0.63,2.06,-1.49,2.82,0.72
550T250-68,0.07,0.75,2.54,3.85,1.34,2.27,0.46,0.79,3.34,0.96,18.97,4442,3.23,3.17,0.9,26.86,5468,3.3,1.27,2.62,-1.49,2.82,0.72
550T250-97,0.1,1.07,3.63,5.59,1.91,2.29,0.65,0.78,5.31,1.58,31.23,7179,3.14,5.07,1.47,44.01,10877,3.21,3.67,3.78,-1.48,2.83,0.73
550T300-54,0.06,0.65,2.21,3.48,1.22,2.31,0.61,0.97,2.65,0.72,14.28,2799,3.4,2.53,0.66,19.84,2859,3.5,0.69,3.38,-1.91,3.15,0.63
550T300-68,0.07,0.82,2.79,4.42,1.54,2.32,0.76,0.96,3.61,1,19.68,4442,3.35,3.42,0.93,27.8,5468,3.41,1.39,4.29,-1.91,3.16,0.64
550T300-97,0.1,1.17,3.97,6.43,2.2,2.35,1.07,0.96,5.82,1.65,32.68,7179,3.25,5.52,1.53,45.83,10877,3.33,4.02,6.22,-1.9,3.17,0.64
600T100-271,0.03,0.23,0.77,1.04,0.34,2.14,0.02,0.26,0.97,0.22,4.4,327,3.56,0,0,0,0,0,0.06,0.11,-0.37,2.19,0.97
600T100-30,0.03,0.25,0.85,1.14,0.37,2.14,0.02,0.26,1.08,0.27,5.34,438,3.44,0,0,0,0,0,0.08,0.12,-0.37,2.19,0.97
600T100-33,0.03,0.28,0.94,1.27,0.41,2.14,0.02,0.25,1.2,0.34,6.62,597,3.3,0,0,0,0,0,0.11,0.13,-0.37,2.19,0.97
600T100-43,0.05,0.36,1.23,1.65,0.54,2.14,0.02,0.25,1.62,0.49,9.7,1321,3.17,0,0,0,0,0,0.24,0.17,-0.36,2.19,0.97
600T100-54,0.06,0.45,1.54,2.08,0.67,2.14,0.03,0.25,2.08,0.65,12.8,2617,3.13,2.05,0.62,18.62,2617,3.17,0.48,0.21,-0.36,2.19,0.97
600T100-68,0.07,0.57,1.94,2.63,0.84,2.15,0.04,0.25,2.63,0.84,18.72,4442,3.13,2.63,0.82,24.67,5251,3.15,0.97,0.26,-0.36,2.19,0.97
600T100-97,0.1,0.81,2.76,3.78,1.19,2.16,0.05,0.24,3.78,1.19,27.68,7850,3.18,3.78,1.19,41.7,11124,3.18,2.8,0.36,-0.35,2.2,0.98
600T150-118,0.12,1.11,3.79,5.89,1.83,2.3,0.19,0.41,5.89,1.83,41.41,9531,3.18,3.78,1.19,41.07,11124,3.18,2.8,0.36,-0.35,2.2,0.98
600T200-118,0.12,1.24,4.21,7.12,2.21,2.4,0.43,0.59,7.12,2.17,42.88,9531,3.22,5.89,1.83,61.64,14441,3.22,5.73,1.38,-0.67,2.43,0.93
600T250-43,0.05,0.5,1.69,2.92,0.95,2.43,0.3,0.78,2.27,0.56,11.13,1321,3.24,7.12,2.05,61.42,14441,3.31,6.37,3.06,-1.03,2.68,0.85
600T250-54,0.06,0.62,2.12,3.68,1.19,2.43,0.38,0.78,3.01,0.79,15.68,2617,3.67,0,0,0,0,0,0.34,2,-1.45,2.93,0.76
600T250-68,0.07,0.78,2.67,4.67,1.5,2.44,0.47,0.78,4.07,1.09,21.45,4442,3.55,2.88,0.73,21.92,2617,3.64,0.66,2.52,-1.44,2.93,0.76
600T250-97,0.1,1.12,3.8,6.77,2.13,2.46,0.66,0.77,6.44,1.78,35.08,7850,3.39,6.16,1.66,49.58,11124,3.47,3.85,4.59,-1.43,2.95,0.77
600T300-54,0.06,0.68,2.31,4.21,1.36,2.49,0.62,0.96,3.24,0.82,16.22,2617,3.67,3.11,0.72,21.61,2617,3.83,0.73,4.12,-1.86,3.25,0.67
600T300-68,0.07,0.85,2.91,5.35,1.71,2.5,0.78,0.95,4.39,1.13,22.25,4442,3.61,4.16,1.05,31.53,5251,3.68,1.45,5.22,-1.85,3.26,0.68
600T300-97,0.1,1.22,4.15,7.76,2.44,2.52,1.1,0.95,7.03,1.86,36.69,7850,3.51,6.68,1.72,51.62,11124,2.59,4.2,7.55,-1.84,3.27,0.68
725T125-331,0.03,0.34,1.15,2.27,0.61,2.59,0.04,0.32,2.1,0.4,7.82,49 3,4.32,0,0,0,0,0,0.14,0.37,-0.47,2.66,0.97
725T125-43,0.05,0.44,1.49,2.96,0.8,2.59,0.05,0.32,2.79,0.69,13.55,109 1,3.89,0,0,0,0,0,0.3,0.47,-0.47,2.65,0.97
725T125-54,0.06,0.55,1.88,3.72,1,2.6,0.06,0.32,3.64,0.91,18.05,216 0,3.83,3.54,0.88,26.21,2160,3.88,0.59,0.59,-0.46,2.66,0.97
725T125-68,0.07,0.69,2.36,4.7,1.25,2.6,0.07,0.32,4.7,1.21,23.97,433 2,3.79,4.64,1.16,34.84,4332,3.84,1.18,0.74,-0.46,2.66,0.97
725T125-97,0.1,0.99,3.37,6.76,1.78,2.61,0.1,0.31,6.76,1.78,40.15,903 7,3.8,6.76,1.78,53.23,11124,3.8,3.41,1.04,-0.45,2.67,0.97
725T200-331,0.03,0.39,1.32,2.97,0.8,2.76,0.13,0.58,2.47,0.4,7.91,493,4.7,0,0,0,0,0,0.16,1.3,-0.97,2.99,0.89
725T200-43,0.05,0.51,1.73,3.87,1.05,2.76,0.17,0.58,3.31,0.68,13.39,1091,4.29,0,0,0,0,0,0.34,1.69,-0.97,2.99,0.9
725T200-54,0.06,0.64,2.16,4.88,1.31,2.77,0.21,0.58,4.32,1.01,19.9,2160,4.06,4.19,0.88,26.37,2160,4.26,0.68,2.12,-0.96,2.99,0.9
725T200-68,0.07,0.8,2.73,6.18,1.65,2.78,0.27,0.58,5.75,1.36,26.86,4332,4,5.53,1.29,38.54,4332,4.07,1.36,2.67,-0.96,2.99,0.9
725T200-97,0.1,1.14,3.89,8.91,2.34,2.79,0.37,0.57,8.88,2.17,42.8,9037,3.91,8.59,2.05,61.33,11124,3.98,3.94,3.82,-0.95,3.01,0.9
800T100-331,0.03,0.35,1.18,2.61,0.64,2.75,0.02,0.23,2.53,0.43,8.45,44 6,4.72,0,0,0,0,0,0.14,0.25,-0.31,2.77,0.99
800T100-43,0.05,0.45,1.53,3.4,0.83,2.75,0.02,0.23,3.35,0.73,14.5,98 8,4.26,0,0,0,0,0,0.31,0.32,-0.3,2.77,0.99
800T100-54,0.06,0.57,1.92,4.28,1.04,2.75,0.03,0.23,4.28,1.01,20.03,195 6,4.14,4.23,0.95,28.58,1956,4.22,0.6,0.39,-0.3,2.78,0.99
800T100-68,0.07,0.71,2.42,5.4,1.31,2.76,0.04,0.23,5.4,1.31,29.14,392 0,4.13,5.4,1.29,38.53,3920,4.15,1.21,0.49,-0.3,2.78,0.99
800T100-97,0.1,1.02,3.45,7.75,1.85,2.76,0.05,0.22,7.75,1.85,43.11,903 7,4.18,7.75,1.85,63.97,11124,4.18,3.5,0.69,-0.29,2.79,0.99
800T150-118,0.12,1.36,4.64,11.64,2.76,2.92,0.2,0.38,11.64,2.76,62.48,12810,4.22,11.64,2.76,93,16591,4.22,7.01,2.62,-0.57,3,0.96
800T200-118,0.12,1.49,5.06,13.79,3.27,3.05,0.46,0.55,13.79,3.21,63.48,12810,4.24,13.79,3.06,91.59,16591,4.31,7.65,5.82,-0.9,3.22,0.92
800T250-43,0.05,0.59,1.99,5.63,1.38,3.1,0.33,0.75,4.59,0.74,14.6,988,5.05,0,0,0,0,0,0.4,3.87,-1.28,3.44,0.86
800T250-54,0.06,0.74,2.5,7.09,1.73,3.11,0.41,0.74,5.95,1.19,23.57,1956,4.64,5.82,0.96,28.71,1956,5.02,0.79,4.86,-1.28,3.44,0.86
800T250-68,0.07,0.93,3.15,8.98,2.18,3.11,0.51,0.74,7.92,1.65,32.57,3920,4.53,7.59,1.56,46.72,3920,4.6,1.57,6.13,-1.27,3.45,0.86
800T250-97,0.1,1.32,4.49,12.94,3.1,3.13,0.71,0.74,12.36,2.64,52.19,9037,4.41,11.87,2.49,74.47,11124,4.5,4.55,8.78,-1.27,3.46,0.87
800T300-54,0.06,0.79,2.69,8.03,1.96,3.18,0.68,0.92,6.4,1.18,23.28,1956,4.86,6.24,0.96,28.62,1956,5.23,0.85,7.94,-1.66,3.71,0.8
800T300-68,0.07,1,3.39,10.17,2.47,3.19,0.84,0.92,8.5,1.71,33.76,392 0,4.67,8.16,1.55,46.36,3920,4.82,1.69,10.04,-1.66,3.72,0.8
800T300-97,0.1,1.42,4.84,14.68,3.51,3.21,1.19,0.91,13.4,2.76,54.49,903 7,4.54,12.79,2.59,77.43,11124,4.64,4.9,14.41,-1.65,3.73,0.8
925T125-431,0.05,0.53,1.8,5.44,1.16,3.2,0.05,0.3,5.25,0.83,16.46,853,5.29,0,0,0,0,0,0.36,0.82,-0.4,3.24,0.99
925T125-54,0.06,0.66,2.26,6.83,1.45,3.21,0.06,0.3,6.71,1.34,26.49,1689,4.84,6.62,1.08,32.35,1689,5.25,0.71,1.02,-0.4,3.25,0.99
925T125-68,0.07,0.84,2.85,8.63,1.82,3.21,0.07,0.29,8.63,1.77,34.9,3384,4.79,8.53,1.71,51.03,3384,4.85,1.42,1.27,-0.4,3.25,0.99
925T125-97,0.1,1.19,4.06,12.38,2.58,3.22,0.1,0.29,12.38,2.58,58.21,9037,4.8,12.38,2.58,77.16,9870,4.8,4.11,1.79,-0.39,3.26,0.99
925T200-431,0.05,0.6,2.03,6.92,1.47,3.4,0.18,0.55,6.1,0.85,16.73,85 3,5.7,0,0,0,0,0,0.41,2.96,-0.85,3.55,0.94
925T200-54,0.06,0.75,2.55,8.71,1.84,3.41,0.23,0.55,7.86,1.36,26.94,168 9,5.23,7.71,1.1,32.87,1689,5.66,0.8,3.7,-0.85,3.56,0.94
925T200-68,0.07,0.94,3.21,11.01,2.32,3.42,0.28,0.55,10.31,1.96,38.72,338 4,5.02,10,1.79,53.69,3384,5.17,1.6,4.66,-0.85,3.56,0.94
925T200-97,0.1,1.35,4.58,15.82,3.29,3.43,0.39,0.54,15.77,3.08,60.76,903 7,4.91,15.3,2.93,87.68,9870,4.99,4.64,6.62,-0.84,3.57,0.95
1000T100-431,0.05,0.54,1.84,6.05,1.19,3.35,0.03,0.21,6.03,0.88,17.31,789,5.69,0,0,0,0,0,0.37,0.52,-0.26,3.36,0.99
1000T100-54,0.06,0.68,2.31,7.61,1.49,3.35,0.03,0.21,7.61,1.42,28.1,1561,5.18,7.61,1.13,33.95,1561,5.65,0.73,0.65,-0.26,3.37,0.99
1000T100-68,0.07,0.85,2.91,9.6,1.87,3.35,0.04,0.21,9.6,1.87,41.68,3128,5.13,9.6,1.85,55.24,3128,5.15,1.45,0.8,-0.26,3.37,0.99
1000T100-97,0.1,1.22,4.15,13.74,2.65,3.36,0.05,0.2,13.74,2.65,61.7,9037,5.18,13.74,2.65,91.54,9119,5.18,4.2,1.12,-0.25,3.37,0.99
1000T150-118,0.12,1.61,5.48,20.12,3.86,3.53,0.2,0.36,20.12,3.86,87.3,1347 9,5.22,20.12,3.86,129.95,16591,5.22,8.29,4.3,-0.5,3.59,0.98
1000T200-118,0.12,1.74,5.91,23.42,4.49,3.67,0.48,0.52,23.42,4.42,87.35,13479,5.24,23.42,4.23,126.74,16591,5.32,8.92,9.61,-0.8,3.8,0.96
1000T250-431,0.05,0.68,2.3,9.52,1.87,3.75,0.34,0.71,8.03,0.92,18.11,78 9,6.49,0,0,0,0,0,0.46,6.47,-1.15,3.99,0.92
1000T250-54,0.06,0.85,2.89,11.97,2.35,3.76,0.43,0.71,10.36,1.46,28.74,1561,6.01,10.14,1.19,35.55,1561,6.45,0.91,8.11,-1.15,3.99,0.92
1000T250-68,0.07,1.07,3.64,15.14,2.95,3.76,0.54,0.71,13.49,2.31,45.61,312 8,5.55,13.18,1.91,57.16,3128,5.95,1.81,10.21,-1.15,4,0.92
1000T250-97,0.1,1.52,5.18,21.76,4.2,3.78,0.75,0.7,20.84,3.64,72.02,9037,5.43,20.1,3.46,103.5,9119,5.52,5.25,14.56,-1.14,4.01,0.92
1000T300-54,0.06,0.91,3.08,13.43,2.63,3.85,0.71,0.89,11.08,1.45,28.69,1561,6.25,10.83,1.19,35.65,1561,6.68,0.97,13.26,-1.51,4.23,0.87
1000T300-68,0.07,1.14,3.88,16.99,3.31,3.86,0.89,0.89,14.42,2.38,46.96,3128,5.72,14.11,1.9,57.01,3128,6.19,1.93,16.73,-1.51,4.24,0.87
1000T300-97,0.1,1.63,5.53,24.43,4.72,3.88,1.26,0.88,22.44,3.8,75.04,9037,5.57,21.53,3.59,107.45,9119,5.67,5.6,23.92,-1.5,4.25,0.88
1150T125-541,0.06,0.79,2.69,11.94,2.04,3.88,0.06,0.28,11.86,1.61,31.72,135 6,6.39,11.72,1.31,39.21,1356,6.88,0.85,1.66,-0.35,3.91,0.99
1150T125-68,0.07,1,3.39,15.07,2.57,3.89,0.07,0.27,15.07,2.5,49.44,2716,5.92,15.02,2.1,62.97,2716,6.32,1.69,2.07,-0.34,3.91,0.99
1150T125-97,0.1,1.42,4.84,21.57,3.64,3.9,0.1,0.27,21.57,3.64,82.18,7913,5.93,21.57,3.64,108.93,7913,5.93,4.9,2.89,-0.34,3.92,0.99
1150T200-541,0.06,0.88,2.98,14.82,2.53,4.11,0.23,0.52,13.69,1.65,32.51,1356,6.81,13.45,1.35,40.39,1356,7.29,0.94,6.09,-0.75,4.21,0.97
1150T200-68,0.07,1.1,3.76,18.71,3.19,4.12,0.29,0.51,17.66,2.71,53.52,2716,6.19,17.39,2.16,64.57,2716,6.74,1.87,7.64,-0.75,4.22,0.97
1150T200-97,0.1,1.57,5.36,26.84,4.53,4.13,0.41,0.51,26.74,4.26,84.17,7913,6.05,26.03,4.08,122.2,7913,6.13,5.43,10.83,-0.74,4.23,0.97
1200T100-541,0.06,0.79,2.69,12.29,2.02,3.94,0.03,0.2,12.29,1.62,32.08,129 9,6.62,12.29,1.33,39.87,1299,7.11,0.85,0.97,-0.23,3.95,1
1200T100-68,0.07,1,3.39,15.5,2.53,3.94,0.04,0.2,15.5,2.53,50.02,2602,6.13,15.5,2.12,63.51,2602,6.56,1.69,1.2,-0.23,3.96,1
1200T100-97,0.1,1.42,4.84,22.17,3.59,3.95,0.05,0.19,22.17,3.59,83.43,7579,6.18,22.17,3.59,123.8,7579,6.18,4.9,1.66,-0.22,3.96,1
1200T150-118,0.12,1.86,6.33,31.83,5.12,4.14,0.21,0.34,31.83,5.12,115.86,13479,6.22,31.83,5.12,172.47,13844,6.22,9.56,6.44,-0.44,4.17,0.99
1200T200-118,0.12,1.98,6.75,36.53,5.88,4.29,0.49,0.5,36.53,5.79,114.5,1347 9,6.25,36.53,5.57,166.87,13844,6.32,10.2,14.48,-0.72,4.38,0.97
1200T250-541,0.06,0.96,3.27,18.55,3.04,4.39,0.45,0.68,16.43,1.72,34.02,1299,7.44,15.81,1.42,42.49,1299,7.92,1.03,12.32,-1.05,4.57,0.95
1200T250-68,0.07,1.21,4.12,23.44,3.83,4.4,0.56,0.68,21.26,2.79,55.2,2602,6.82,20.87,2.26,67.52,2602,7.37,2.05,15.5,-1.04,4.57,0.95
1200T250-97,0.1,1.73,5.88,33.62,5.44,4.41,0.78,0.67,32.29,4.79,94.55,7579,6.44,31.23,4.56,136.64,7579,6.54,5.95,22.04,-1.04,4.58,0.95
1200T300-541,0.06,1.02,3.46,20.64,3.38,4.5,0.75,0.86,17.49,1.73,34.15,129 9,7.69,16.17,1.43,42.74,1299,8.16,1.09,20.18,-1.38,4.79,0.92
1200T300-68,0.07,1.28,4.36,26.08,4.26,4.51,0.93,0.85,22.7,2.79,55.04,2602,7.08,22.23,2.26,67.76,260 2,7.62,2.17,25.42,-1.38,4.79,0.92
1200T300-97,0.1,1.83,6.22,37.44,6.06,4.53,1.31,0.85,34.58,4.98,98.33,7579,6.59,33.3,4.73,141.62,7579,6.69,6.3,36.25,-1.37,4.8,0.92
1350T125-541,0.06,0.91,3.08,18.15,2.65,4.48,0.06,0.26,18.15,1.84,36.36,1154,7.84,17.77,1.52,45.59,1154,8.36,0.97,2.36,-0.31,4.5,1
1350T125-68,0.07,1.14,3.88,22.89,3.33,4.48,0.08,0.26,22.89,2.98,58.82,2310,7.17,22.89,2.4,71.96,2310,7.77,1.93,2.95,-0.31,4.5,1
1350T125-97,0.1,1.63,5.53,32.74,4.73,4.49,0.1,0.25,32.74,4.73,106.74,6728,6.93,32.74,4.73,141.49,6728,6.93,5.6,4.11,-0.3,4.51,1
1350T200-541,0.06,0.99,3.37,22.1,3.23,4.73,0.24,0.49,20.73,1.91,37.66,115 4,8.26,19.14,1.58,47.2,1154,8.78,1.06,8.76,-0.69,4.8,0.98
1350T200-68,0.07,1.25,4.24,27.9,4.06,4.73,0.3,0.49,26.7,3.07,60.7,2310,7.59,26.29,2.49,74.66,2310,8.18,2.11,10.99,-0.68,4.8,0.98
1350T200-97,0.1,1.78,6.05,39.95,5.77,4.74,0.42,0.49,39.81,5.46,107.84,672 8,7.05,38.84,5.25,157.22,6728,7.13,6.13,15.54,-0.68,4.81,0.98
1400T100-541,0.06,0.91,3.08,18.56,2.62,4.53,0.03,0.19,18.56,1.85,36.54,1112,8.09,17.64,1.54,46.08,1112,8.61,0.97,1.35,-0.2,4.54,1
1400T100-68,0.07,1.14,3.88,23.4,3.29,4.53,0.04,0.18,23.4,2.92,57.69,2227,7.46,23.4,2.41,72.13,2227,8.02,1.93,1.68,-0.2,4.54,1
1400T100-97,0.1,1.63,5.53,33.44,4.66,4.54,0.05,0.18,33.44,4.66,108.32,6485,7.18,33.44,4.66,139.49,6485,7.18,5.6,2.32,-0.2,4.54,1
1400T125-541,0.06,0.93,3.18,19.98,2.81,4.63,0.06,0.26,19.98,1.9,37.56,111 2,8.21,18.92,1.58,47.21,1112,8.74,1,2.56,-0.3,4.64,1
1400T125-68,0.07,1.18,4,25.2,3.54,4.63,0.08,0.25,25.2,3.06,60.4,2227,7.53,25.2,2.48,74.31,2227,8.13,1.99,3.19,-0.3,4.65,1
1400T125-97,0.1,1.68,5.7,36.02,5.02,4.64,0.1,0.25,36.02,5.02,113.36,6485,7.18,36.02,5.02,150.26,6485,7.18,5.78,4.45,-0.29,4.65,1
1400T150-541,0.06,0.96,3.27,21.39,3.01,4.72,0.11,0.33,21,1.93,38.2,1112,8.34,19.57,1.6,47.97,1112,8.88,1.03,4.28,-0.41,4.75,0.99
1400T150-68,0.07,1.21,4.12,26.99,3.79,4.72,0.13,0.33,26.89,3.11,61.48,2227,7.66,26.6,2.53,75.66,2227,8.27,2.05,5.35,-0.41,4.75,0.99
1400T150-97,0.1,1.73,5.88,38.61,5.38,4.73,0.18,0.32,38.61,5.38,106.28,6485,7.18,38.61,5.25,157.18,6485,7.23,5.95,7.5,-0.41,4.76,0.99
1400T150-118,0.12,2.11,7.17,47.25,6.55,4.73,0.21,0.32,47.25,6.55,148.18,11840,7.22,47.25,6.55,220.58,11840,7.22,10.84,9.05,-0.4,4.76,0.99
1400T200-541,0.06,1.02,3.46,24.22,3.41,4.88,0.24,0.49,22.79,1.97,38.97,111 2,8.62,20.51,1.63,48.92,1112,9.16,1.09,9.51,-0.67,4.95,0.98
1400T200-68,0.07,1.28,4.36,30.57,4.29,4.88,0.3,0.49,29.34,3.17,62.56,2227,7.94,28.9,2.58,77.23,2227,8.55,2.17,11.93,-0.67,4.95,0.98
1400T200-97,0.1,1.83,6.22,43.77,6.1,4.89,0.42,0.48,43.62,5.78,114.18,648 5,7.3,42.63,5.46,163.32,6485,7.44,6.3,16.86,-0.66,4.96,0.98
1400T200-118,0.12,2.23,7.6,53.61,7.43,4.9,0.5,0.48,53.61,7.33,144.92,11840,7.25,53.61,7.08,211.96,11840,7.33,11.48,20.45,-0.66,4.97,0.98
1400T250-541,0.06,1.08,3.66,27.05,3.81,5.02,0.46,0.65,24.39,1.99,39.4,1112,8.9,21.28,1.65,49.5,1112,9.43,1.15,17.53,-0.96,5.15,0.97
1400T250-68,0.07,1.35,4.61,34.15,4.79,5.02,0.57,0.65,31.51,3.19,63.03,2227,8.22,30.94,2.61,78.11,2227,8.82,2.29,22.03,-0.96,5.16,0.97
1400T250-97,0.1,1.93,6.57,48.94,6.82,5.04,0.8,0.65,47.12,6.06,119.78,6485,7.45,45.93,5.47,163.69,6485,7.73,6.65,31.27,-0.95,5.17,0.97
1400T300-541,0.06,1.13,3.85,29.88,4.21,5.14,0.77,0.83,25.86,2.01,39.68,111 2,9.15,21.95,1.67,49.87,1112,9.68,1.21,28.76,-1.28,5.36,0.94
1400T300-68,0.07,1.43,4.85,37.74,5.3,5.15,0.96,0.82,33.49,3.2,63.27,2227,8.49,32.82,2.63,78.65,222 7,9.08,2.42,36.2,-1.27,5.37,0.94
1400T300-97,0.1,2.03,6.91,54.11,7.54,5.16,1.35,0.82,50.21,6.29,124.32,6485,7.61,48.93,5.46,163.51,6485,8.01,7.01,51.52,-1.27,5.38,0.95
1600T125-681,0.07,1.32,4.48,35.92,4.42,5.22,0.08,0.24,35.92,3.4,67.11,1947,8.98,35.92,2.8,83.94,1947,9.61,2.23,4.28,-0.27,5.23,1
1600T125-97,0.1,1.88,6.39,51.32,6.28,5.23,0.11,0.24,51.32,6.28,141.75,5666,8.18,51.32,5.7,170.69,5666,8.49,6.48,5.96,-0.27,5.24,1
1600T125-118,0.12,2.29,7.81,62.76,7.64,5.23,0.13,0.23,62.76,7.64,176.99,10343,8.22,62.76,7.64,262.71,10343,8.22,11.8,7.14,-0.26,5.24,1
1600T200-681,0.07,1.43,4.85,42.91,5.28,5.49,0.31,0.46,41.58,3.55,70.23,194 7,9.38,40.98,2.93,87.65,1947,10.02,2.42,16.12,-0.61,5.54,0.99
1600T200-97,0.1,2.03,6.91,61.4,7.51,5.5,0.43,0.46,61.18,7.15,141.2,5666,8.3,60.32,6.04,180.68,5666,8.85,7.01,22.74,-0.61,5.55,0.99
1600T200-118,0.12,2.48,8.44,75.15,9.15,5.5,0.51,0.46,75.15,9.04,178.61,10343,8.25,75.15,8.75,262.02,10343,8.33,12.76,27.55,-0.6,5.56,0.99
